{
    "playerSaveData": {
        "MaxHP": 10,
        "CurrentHP": 8,
        "position": {
            "x": -12.22499942779541,
            "y": 5.9200286865234379
        }
    }
}