{
    "playerSaveData": {
        "MaxHP": 10,
        "CurrentHP": 8,
        "position": {
            "x": -5.225000858306885,
            "y": -0.0799705982208252
        }
    }
}