{
    "playerSaveData": {
        "MaxHP": 5,
        "CurrentHP": 4,
        "position": {
            "x": 5.521766297533759e-7,
            "y": -0.07997474074363709
        }
    },
    "systemSaveData": {}
}