{
    "playerSaveData": {
        "MaxHP": 10,
        "CurrentHP": 8,
        "position": {
            "x": 8.683427810668946,
            "y": 1.9199943542480469
        }
    }
}