{
    "playerSaveData": {
        "MaxHP": 5,
        "CurrentHP": 1,
        "position": {
            "x": 82.51556396484375,
            "y": 8.91997241973877
        }
    },
    "systemSaveData": {}
}