{
    "playerSaveData": {
        "MaxHP": 5,
        "CurrentHP": 4,
        "position": {
            "x": 13.33403205871582,
            "y": -0.07998501509428024
        }
    },
    "systemSaveData": {}
}