{
    "playerSaveData": {
        "MaxHP": 5,
        "CurrentHP": 1,
        "position": {
            "x": 95.40677642822266,
            "y": 8.871970176696778
        }
    },
    "systemSaveData": {}
}