{
    "playerSaveData": {
        "MaxHP": 10,
        "CurrentHP": 6,
        "position": {
            "x": 33.575233459472659,
            "y": 5.919981002807617
        }
    }
}