{
    "playerSaveData": {
        "MaxHP": 10,
        "CurrentHP": 8,
        "position": {
            "x": -6.999999046325684,
            "y": 5.92000675201416
        }
    }
}