{
    "playerSaveData": {
        "MaxHP": 10,
        "CurrentHP": 8,
        "position": {
            "x": -12.225001335144043,
            "y": 5.920029163360596
        }
    }
}