{
    "playerSaveData": {
        "MaxHP": 5,
        "CurrentHP": 1,
        "position": {
            "x": 82.945068359375,
            "y": 8.919974327087403
        }
    },
    "systemSaveData": {}
}