{
    "playerSaveData": {
        "MaxHP": 5,
        "CurrentHP": 4,
        "position": {
            "x": 72.75656127929688,
            "y": 5.9199981689453129
        }
    },
    "systemSaveData": {}
}