{
    "playerSaveData": {
        "MaxHP": 5,
        "CurrentHP": 2,
        "position": {
            "x": 106.26725769042969,
            "y": 5.920023441314697
        }
    },
    "systemSaveData": {}
}