{
    "playerSaveData": {
        "MaxHP": 10,
        "CurrentHP": 8,
        "position": {
            "x": -2.0295867919921877,
            "y": -0.07784531265497208
        }
    },
    "systemSaveData": {}
}