{
    "playerSaveData": {
        "MaxHP": 5,
        "CurrentHP": 4,
        "position": {
            "x": 2.2293697554687243e-7,
            "y": -0.07997511327266693
        }
    },
    "systemSaveData": {}
}