{
    "playerSaveData": {
        "MaxHP": 10,
        "CurrentHP": 8,
        "position": {
            "x": 2.33727765083313,
            "y": -0.07997807115316391
        }
    }
}