{
    "playerSaveData": {
        "MaxHP": 5,
        "CurrentHP": 1,
        "position": {
            "x": 94.87358093261719,
            "y": 5.920022010803223
        }
    },
    "systemSaveData": {}
}