{
    "playerSaveData": {
        "MaxHP": 5,
        "CurrentHP": 3,
        "position": {
            "x": 51.93756866455078,
            "y": 5.919983863830566
        }
    },
    "systemSaveData": {}
}