{
    "playerSaveData": {
        "MaxHP": 10,
        "CurrentHP": 6,
        "position": {
            "x": 17.90064811706543,
            "y": 2.9199750423431398
        }
    }
}