{
    "playerSaveData": {
        "MaxHP": 5,
        "CurrentHP": 3,
        "position": {
            "x": 51.369449615478519,
            "y": 5.919981956481934
        }
    },
    "systemSaveData": {}
}