{
    "playerSaveData": {
        "MaxHP": 10,
        "CurrentHP": 2,
        "position": {
            "x": 34.7225456237793,
            "y": 5.919981956481934
        }
    }
}