{
    "playerSaveData": {
        "MaxHP": 5,
        "CurrentHP": 4,
        "position": {
            "x": 108.79347229003906,
            "y": 5.920013427734375
        }
    },
    "systemSaveData": {}
}