{
    "playerSaveData": {
        "MaxHP": 5,
        "CurrentHP": 1,
        "position": {
            "x": 107.46459197998047,
            "y": 5.920012474060059
        }
    },
    "systemSaveData": {}
}