{
    "playerSaveData": {
        "MaxHP": 5,
        "CurrentHP": 4,
        "position": {
            "x": 3.7311508549464636e-7,
            "y": -0.07997474074363709
        }
    },
    "systemSaveData": {}
}