{
    "playerSaveData": {
        "MaxHP": 5,
        "CurrentHP": 1,
        "position": {
            "x": 107.93798065185547,
            "y": 5.920024394989014
        }
    },
    "systemSaveData": {}
}